idGimnasio,direccion
1,4 Mesta Drive
2,711 Kropf Terrace
3,4757 Glendale Junction
4,03 Loomis Parkway
5,30321 Mallory Way
6,798 Express Road
7,13385 Burrows Place
8,2808 Ramsey Road
9,3817 Pankratz Trail
10,405 Maple Parkway
11,3240 Mariners Cove Alley
12,4 Carpenter Trail
13,67 Ruskin Hill
14,4 Dottie Road
15,900 Holy Cross Point
16,5 Emmet Circle
17,498 Pleasure Pass
18,80 Texas Point
19,09918 Summit Center
20,8 Laurel Alley
21,2449 Ryan Park
22,41 Stephen Junction
23,2714 Nevada Pass
24,0 Algoma Hill
25,306 Lotheville Park
26,8 Magdeline Avenue
27,75 Packers Place
28,74388 Drewry Street
29,21235 Clarendon Lane
30,6 Butternut Lane
31,11 Straubel Circle
32,223 Burrows Plaza
33,11429 Rigney Place
34,924 Donald Center
35,54 Darwin Alley
36,9 Montana Street
37,0303 Becker Center
38,9 Schurz Avenue
39,15 Browning Plaza
40,8214 Talmadge Park
41,4 Cardinal Way
42,5 Michigan Terrace
43,84331 Browning Circle
44,2 Kim Lane
45,2529 Bunting Hill
46,127 Prentice Park
47,63 Stephen Park
48,02673 5th Point
49,138 Independence Lane
50,6269 Carberry Park
51,6213 Nobel Circle
52,3196 Brentwood Plaza
53,15404 Lakeland Point
54,38 Washington Alley
55,99 Lindbergh Place
56,4 Thierer Place
57,58 Raven Center
58,1 Center Drive
59,326 Arizona Plaza
60,59 Nobel Point
61,6017 Duke Plaza
62,5262 Memorial Way
63,963 Old Gate Terrace
64,00026 Nova Street
65,885 Fair Oaks Alley